status	url	declared_canonical
200	https://alharrazlaw.com/ar	rel="canonical" href="https://alharrazlaw.com/ar"
200	https://alharrazlaw.com/en	rel="canonical" href="https://alharrazlaw.com/en"
200	https://alharrazlaw.com/ar/about	rel="canonical" href="https://alharrazlaw.com/ar/about"
200	https://alharrazlaw.com/en/about	rel="canonical" href="https://alharrazlaw.com/en/about"
200	https://alharrazlaw.com/ar/about/history	rel="canonical" href="https://alharrazlaw.com/ar/about/history"
200	https://alharrazlaw.com/en/about/history	rel="canonical" href="https://alharrazlaw.com/en/about/history"
200	https://alharrazlaw.com/ar/team	rel="canonical" href="https://alharrazlaw.com/ar/team"
200	https://alharrazlaw.com/en/team	rel="canonical" href="https://alharrazlaw.com/en/team"
200	https://alharrazlaw.com/ar/practice-areas	rel="canonical" href="https://alharrazlaw.com/ar/practice-areas"
200	https://alharrazlaw.com/en/practice-areas	rel="canonical" href="https://alharrazlaw.com/en/practice-areas"
200	https://alharrazlaw.com/ar/industries	rel="canonical" href="https://alharrazlaw.com/ar/industries"
200	https://alharrazlaw.com/en/industries	rel="canonical" href="https://alharrazlaw.com/en/industries"
200	https://alharrazlaw.com/ar/insights	rel="canonical" href="https://alharrazlaw.com/ar/insights"
200	https://alharrazlaw.com/en/insights	rel="canonical" href="https://alharrazlaw.com/en/insights"
200	https://alharrazlaw.com/ar/contact	rel="canonical" href="https://alharrazlaw.com/ar/contact"
200	https://alharrazlaw.com/en/contact	rel="canonical" href="https://alharrazlaw.com/en/contact"
200	https://alharrazlaw.com/ar/consultation	rel="canonical" href="https://alharrazlaw.com/ar/consultation"
200	https://alharrazlaw.com/en/consultation	rel="canonical" href="https://alharrazlaw.com/en/consultation"
200	https://alharrazlaw.com/ar/privacy-policy	rel="canonical" href="https://alharrazlaw.com/ar/privacy-policy"
200	https://alharrazlaw.com/en/privacy-policy	rel="canonical" href="https://alharrazlaw.com/en/privacy-policy"
200	https://alharrazlaw.com/ar/terms	rel="canonical" href="https://alharrazlaw.com/ar/terms"
000	https://alharrazlaw.com/en/terms	rel="canonical" href="https://alharrazlaw.com/ar/terms"
200	https://alharrazlaw.com/ar/practice-areas/urgent-interim-matters	rel="canonical" href="https://alharrazlaw.com/ar/practice-areas/urgent-interim-matters"
200	https://alharrazlaw.com/en/practice-areas/urgent-interim-matters	rel="canonical" href="https://alharrazlaw.com/en/practice-areas/urgent-interim-matters"
200	https://alharrazlaw.com/ar/practice-areas/wills-drafting	rel="canonical" href="https://alharrazlaw.com/ar/practice-areas/wills-drafting"
200	https://alharrazlaw.com/en/practice-areas/wills-drafting	rel="canonical" href="https://alharrazlaw.com/en/practice-areas/wills-drafting"
200	https://alharrazlaw.com/ar/practice-areas/legal-notices-formal-warnings	rel="canonical" href="https://alharrazlaw.com/ar/practice-areas/legal-notices-formal-warnings"
200	https://alharrazlaw.com/en/practice-areas/legal-notices-formal-warnings	rel="canonical" href="https://alharrazlaw.com/en/practice-areas/legal-notices-formal-warnings"
200	https://alharrazlaw.com/ar/practice-areas/power-of-attorney-drafting	rel="canonical" href="https://alharrazlaw.com/ar/practice-areas/power-of-attorney-drafting"
200	https://alharrazlaw.com/en/practice-areas/power-of-attorney-drafting	rel="canonical" href="https://alharrazlaw.com/en/practice-areas/power-of-attorney-drafting"
200	https://alharrazlaw.com/ar/practice-areas/bounced-checks-negotiable-instruments	rel="canonical" href="https://alharrazlaw.com/ar/practice-areas/bounced-checks-negotiable-instruments"
200	https://alharrazlaw.com/en/practice-areas/bounced-checks-negotiable-instruments	rel="canonical" href="https://alharrazlaw.com/en/practice-areas/bounced-checks-negotiable-instruments"
200	https://alharrazlaw.com/ar/practice-areas/company-amendments-restructuring	rel="canonical" href="https://alharrazlaw.com/ar/practice-areas/company-amendments-restructuring"
200	https://alharrazlaw.com/en/practice-areas/company-amendments-restructuring	rel="canonical" href="https://alharrazlaw.com/en/practice-areas/company-amendments-restructuring"
200	https://alharrazlaw.com/ar/practice-areas/tech-activity-licensing-compliance	rel="canonical" href="https://alharrazlaw.com/ar/practice-areas/tech-activity-licensing-compliance"
200	https://alharrazlaw.com/en/practice-areas/tech-activity-licensing-compliance	rel="canonical" href="https://alharrazlaw.com/en/practice-areas/tech-activity-licensing-compliance"
000	https://alharrazlaw.com/ar/practice-areas/commercial-activity-business-licensing	rel="canonical" href="https://alharrazlaw.com/en/practice-areas/tech-activity-licensing-compliance"
200	https://alharrazlaw.com/en/practice-areas/commercial-activity-business-licensing	rel="canonical" href="https://alharrazlaw.com/en/practice-areas/commercial-activity-business-licensing"
200	https://alharrazlaw.com/ar/practice-areas/terms-privacy-policy-drafting	rel="canonical" href="https://alharrazlaw.com/ar/practice-areas/terms-privacy-policy-drafting"
200	https://alharrazlaw.com/en/practice-areas/terms-privacy-policy-drafting	rel="canonical" href="https://alharrazlaw.com/en/practice-areas/terms-privacy-policy-drafting"
200	https://alharrazlaw.com/ar/practice-areas/ngo-foundation-registration	rel="canonical" href="https://alharrazlaw.com/ar/practice-areas/ngo-foundation-registration"
200	https://alharrazlaw.com/en/practice-areas/ngo-foundation-registration	rel="canonical" href="https://alharrazlaw.com/en/practice-areas/ngo-foundation-registration"
200	https://alharrazlaw.com/ar/practice-areas/anti-money-laundering-compliance	rel="canonical" href="https://alharrazlaw.com/ar/practice-areas/anti-money-laundering-compliance"
200	https://alharrazlaw.com/en/practice-areas/anti-money-laundering-compliance	rel="canonical" href="https://alharrazlaw.com/en/practice-areas/anti-money-laundering-compliance"
200	https://alharrazlaw.com/ar/practice-areas/immigration-residency-nationality	rel="canonical" href="https://alharrazlaw.com/ar/practice-areas/immigration-residency-nationality"
200	https://alharrazlaw.com/en/practice-areas/immigration-residency-nationality	rel="canonical" href="https://alharrazlaw.com/en/practice-areas/immigration-residency-nationality"
200	https://alharrazlaw.com/ar/practice-areas/medical-malpractice-liability	rel="canonical" href="https://alharrazlaw.com/ar/practice-areas/medical-malpractice-liability"
200	https://alharrazlaw.com/en/practice-areas/medical-malpractice-liability	rel="canonical" href="https://alharrazlaw.com/en/practice-areas/medical-malpractice-liability"
200	https://alharrazlaw.com/ar/practice-areas/bankruptcy-liquidation-restructuring	rel="canonical" href="https://alharrazlaw.com/ar/practice-areas/bankruptcy-liquidation-restructuring"
200	https://alharrazlaw.com/en/practice-areas/bankruptcy-liquidation-restructuring	rel="canonical" href="https://alharrazlaw.com/en/practice-areas/bankruptcy-liquidation-restructuring"
200	https://alharrazlaw.com/ar/practice-areas/commercial-agency-distribution	rel="canonical" href="https://alharrazlaw.com/ar/practice-areas/commercial-agency-distribution"
200	https://alharrazlaw.com/en/practice-areas/commercial-agency-distribution	rel="canonical" href="https://alharrazlaw.com/en/practice-areas/commercial-agency-distribution"
200	https://alharrazlaw.com/ar/practice-areas/competition-law	rel="canonical" href="https://alharrazlaw.com/ar/practice-areas/competition-law"
200	https://alharrazlaw.com/en/practice-areas/competition-law	rel="canonical" href="https://alharrazlaw.com/en/practice-areas/competition-law"
200	https://alharrazlaw.com/ar/practice-areas/data-protection-it-law	rel="canonical" href="https://alharrazlaw.com/ar/practice-areas/data-protection-it-law"
200	https://alharrazlaw.com/en/practice-areas/data-protection-it-law	rel="canonical" href="https://alharrazlaw.com/en/practice-areas/data-protection-it-law"
200	https://alharrazlaw.com/ar/practice-areas/document-notarization-authentication	rel="canonical" href="https://alharrazlaw.com/ar/practice-areas/document-notarization-authentication"
200	https://alharrazlaw.com/en/practice-areas/document-notarization-authentication	rel="canonical" href="https://alharrazlaw.com/en/practice-areas/document-notarization-authentication"
200	https://alharrazlaw.com/ar/practice-areas/construction-contracting-law	rel="canonical" href="https://alharrazlaw.com/ar/practice-areas/construction-contracting-law"
200	https://alharrazlaw.com/en/practice-areas/construction-contracting-law	rel="canonical" href="https://alharrazlaw.com/en/practice-areas/construction-contracting-law"
200	https://alharrazlaw.com/ar/practice-areas/mediation	rel="canonical" href="https://alharrazlaw.com/ar/practice-areas/mediation"
200	https://alharrazlaw.com/en/practice-areas/mediation	rel="canonical" href="https://alharrazlaw.com/en/practice-areas/mediation"
200	https://alharrazlaw.com/ar/practice-areas/contract-translation	rel="canonical" href="https://alharrazlaw.com/ar/practice-areas/contract-translation"
200	https://alharrazlaw.com/en/practice-areas/contract-translation	rel="canonical" href="https://alharrazlaw.com/en/practice-areas/contract-translation"
200	https://alharrazlaw.com/ar/practice-areas/consumer-protection	rel="canonical" href="https://alharrazlaw.com/ar/practice-areas/consumer-protection"
000	https://alharrazlaw.com/en/practice-areas/consumer-protection	rel="canonical" href="https://alharrazlaw.com/ar/practice-areas/consumer-protection"
200	https://alharrazlaw.com/ar/practice-areas/insurance-disputes	rel="canonical" href="https://alharrazlaw.com/ar/practice-areas/insurance-disputes"
200	https://alharrazlaw.com/en/practice-areas/insurance-disputes	rel="canonical" href="https://alharrazlaw.com/en/practice-areas/insurance-disputes"
200	https://alharrazlaw.com/ar/practice-areas/banking-finance-law	rel="canonical" href="https://alharrazlaw.com/ar/practice-areas/banking-finance-law"
200	https://alharrazlaw.com/en/practice-areas/banking-finance-law	rel="canonical" href="https://alharrazlaw.com/en/practice-areas/banking-finance-law"
200	https://alharrazlaw.com/ar/practice-areas/tax-law	rel="canonical" href="https://alharrazlaw.com/ar/practice-areas/tax-law"
200	https://alharrazlaw.com/en/practice-areas/tax-law	rel="canonical" href="https://alharrazlaw.com/en/practice-areas/tax-law"
200	https://alharrazlaw.com/ar/practice-areas/inheritance-estates	rel="canonical" href="https://alharrazlaw.com/ar/practice-areas/inheritance-estates"
200	https://alharrazlaw.com/en/practice-areas/inheritance-estates	rel="canonical" href="https://alharrazlaw.com/en/practice-areas/inheritance-estates"
200	https://alharrazlaw.com/ar/practice-areas/legal-advisory	rel="canonical" href="https://alharrazlaw.com/ar/practice-areas/legal-advisory"
200	https://alharrazlaw.com/en/practice-areas/legal-advisory	rel="canonical" href="https://alharrazlaw.com/en/practice-areas/legal-advisory"
200	https://alharrazlaw.com/ar/practice-areas/intellectual-property	rel="canonical" href="https://alharrazlaw.com/ar/practice-areas/intellectual-property"
200	https://alharrazlaw.com/en/practice-areas/intellectual-property	rel="canonical" href="https://alharrazlaw.com/en/practice-areas/intellectual-property"
200	https://alharrazlaw.com/ar/practice-areas/criminal-law	rel="canonical" href="https://alharrazlaw.com/ar/practice-areas/criminal-law"
200	https://alharrazlaw.com/en/practice-areas/criminal-law	rel="canonical" href="https://alharrazlaw.com/en/practice-areas/criminal-law"
200	https://alharrazlaw.com/ar/practice-areas/debt-recovery-enforcement	rel="canonical" href="https://alharrazlaw.com/ar/practice-areas/debt-recovery-enforcement"
200	https://alharrazlaw.com/en/practice-areas/debt-recovery-enforcement	rel="canonical" href="https://alharrazlaw.com/en/practice-areas/debt-recovery-enforcement"
200	https://alharrazlaw.com/ar/practice-areas/administrative-law	rel="canonical" href="https://alharrazlaw.com/ar/practice-areas/administrative-law"
200	https://alharrazlaw.com/en/practice-areas/administrative-law	rel="canonical" href="https://alharrazlaw.com/en/practice-areas/administrative-law"
200	https://alharrazlaw.com/ar/practice-areas/family-law-personal-status	rel="canonical" href="https://alharrazlaw.com/ar/practice-areas/family-law-personal-status"
200	https://alharrazlaw.com/en/practice-areas/family-law-personal-status	rel="canonical" href="https://alharrazlaw.com/en/practice-areas/family-law-personal-status"
200	https://alharrazlaw.com/ar/practice-areas/real-estate-property-registration	rel="canonical" href="https://alharrazlaw.com/ar/practice-areas/real-estate-property-registration"
200	https://alharrazlaw.com/en/practice-areas/real-estate-property-registration	rel="canonical" href="https://alharrazlaw.com/en/practice-areas/real-estate-property-registration"
200	https://alharrazlaw.com/ar/practice-areas/employment-labour-law	rel="canonical" href="https://alharrazlaw.com/ar/practice-areas/employment-labour-law"
200	https://alharrazlaw.com/en/practice-areas/employment-labour-law	rel="canonical" href="https://alharrazlaw.com/en/practice-areas/employment-labour-law"
200	https://alharrazlaw.com/ar/practice-areas/customs-import-export	rel="canonical" href="https://alharrazlaw.com/ar/practice-areas/customs-import-export"
200	https://alharrazlaw.com/en/practice-areas/customs-import-export	rel="canonical" href="https://alharrazlaw.com/en/practice-areas/customs-import-export"
200	https://alharrazlaw.com/ar/practice-areas/maritime-shipping-port-law	rel="canonical" href="https://alharrazlaw.com/ar/practice-areas/maritime-shipping-port-law"
200	https://alharrazlaw.com/en/practice-areas/maritime-shipping-port-law	rel="canonical" href="https://alharrazlaw.com/en/practice-areas/maritime-shipping-port-law"
200	https://alharrazlaw.com/ar/practice-areas/arbitration	rel="canonical" href="https://alharrazlaw.com/ar/practice-areas/arbitration"
200	https://alharrazlaw.com/en/practice-areas/arbitration	rel="canonical" href="https://alharrazlaw.com/en/practice-areas/arbitration"
200	https://alharrazlaw.com/ar/practice-areas/contracts-commercial-agreements	rel="canonical" href="https://alharrazlaw.com/ar/practice-areas/contracts-commercial-agreements"
200	https://alharrazlaw.com/en/practice-areas/contracts-commercial-agreements	rel="canonical" href="https://alharrazlaw.com/en/practice-areas/contracts-commercial-agreements"
200	https://alharrazlaw.com/ar/practice-areas/company-formation-investment	rel="canonical" href="https://alharrazlaw.com/ar/practice-areas/company-formation-investment"
200	https://alharrazlaw.com/en/practice-areas/company-formation-investment	rel="canonical" href="https://alharrazlaw.com/en/practice-areas/company-formation-investment"
200	https://alharrazlaw.com/ar/practice-areas/corporate-commercial-law	rel="canonical" href="https://alharrazlaw.com/ar/practice-areas/corporate-commercial-law"
200	https://alharrazlaw.com/en/practice-areas/corporate-commercial-law	rel="canonical" href="https://alharrazlaw.com/en/practice-areas/corporate-commercial-law"
200	https://alharrazlaw.com/ar/practice-areas/litigation-dispute-resolution	rel="canonical" href="https://alharrazlaw.com/ar/practice-areas/litigation-dispute-resolution"
200	https://alharrazlaw.com/en/practice-areas/litigation-dispute-resolution	rel="canonical" href="https://alharrazlaw.com/en/practice-areas/litigation-dispute-resolution"
200	https://alharrazlaw.com/ar/practice-areas/civil-law	rel="canonical" href="https://alharrazlaw.com/ar/practice-areas/civil-law"
200	https://alharrazlaw.com/en/practice-areas/civil-law	rel="canonical" href="https://alharrazlaw.com/en/practice-areas/civil-law"
200	https://alharrazlaw.com/ar/industries/family-businesses-smes	rel="canonical" href="https://alharrazlaw.com/ar/industries/family-businesses-smes"
200	https://alharrazlaw.com/en/industries/family-businesses-smes	rel="canonical" href="https://alharrazlaw.com/en/industries/family-businesses-smes"
200	https://alharrazlaw.com/ar/industries/trading-companies	rel="canonical" href="https://alharrazlaw.com/ar/industries/trading-companies"
200	https://alharrazlaw.com/en/industries/trading-companies	rel="canonical" href="https://alharrazlaw.com/en/industries/trading-companies"
200	https://alharrazlaw.com/ar/industries/real-estate	rel="canonical" href="https://alharrazlaw.com/ar/industries/real-estate"
200	https://alharrazlaw.com/en/industries/real-estate	rel="canonical" href="https://alharrazlaw.com/en/industries/real-estate"
200	https://alharrazlaw.com/ar/industries/manufacturing	rel="canonical" href="https://alharrazlaw.com/ar/industries/manufacturing"
200	https://alharrazlaw.com/en/industries/manufacturing	rel="canonical" href="https://alharrazlaw.com/en/industries/manufacturing"
000	https://alharrazlaw.com/ar/industries/import-export	rel="canonical" href="https://alharrazlaw.com/en/industries/manufacturing"
200	https://alharrazlaw.com/en/industries/import-export	rel="canonical" href="https://alharrazlaw.com/en/industries/import-export"
200	https://alharrazlaw.com/ar/industries/ports-logistics	rel="canonical" href="https://alharrazlaw.com/ar/industries/ports-logistics"
200	https://alharrazlaw.com/en/industries/ports-logistics	rel="canonical" href="https://alharrazlaw.com/en/industries/ports-logistics"
200	https://alharrazlaw.com/ar/industries/shipping-maritime	rel="canonical" href="https://alharrazlaw.com/ar/industries/shipping-maritime"
200	https://alharrazlaw.com/en/industries/shipping-maritime	rel="canonical" href="https://alharrazlaw.com/en/industries/shipping-maritime"
200	https://alharrazlaw.com/ar/team/mahmoud-mohamed-taha-harraz	rel="canonical" href="https://alharrazlaw.com/ar/team/mahmoud-mohamed-taha-harraz"
200	https://alharrazlaw.com/en/team/mahmoud-mohamed-taha-harraz	rel="canonical" href="https://alharrazlaw.com/en/team/mahmoud-mohamed-taha-harraz"
200	https://alharrazlaw.com/ar/team/mostafa-mohamed-taha-harraz	rel="canonical" href="https://alharrazlaw.com/ar/team/mostafa-mohamed-taha-harraz"
200	https://alharrazlaw.com/en/team/mostafa-mohamed-taha-harraz	rel="canonical" href="https://alharrazlaw.com/en/team/mostafa-mohamed-taha-harraz"
200	https://alharrazlaw.com/ar/team/mohamed-taha-mohamed-harraz	rel="canonical" href="https://alharrazlaw.com/ar/team/mohamed-taha-mohamed-harraz"
200	https://alharrazlaw.com/en/team/mohamed-taha-mohamed-harraz	rel="canonical" href="https://alharrazlaw.com/en/team/mohamed-taha-mohamed-harraz"
200	https://alharrazlaw.com/ar/insights/commercial-disputes-overview-egypt	rel="canonical" href="https://alharrazlaw.com/ar/insights/commercial-disputes-overview-egypt"
200	https://alharrazlaw.com/en/insights/commercial-disputes-overview-egypt	rel="canonical" href="https://alharrazlaw.com/en/insights/commercial-disputes-overview-egypt"
200	https://alharrazlaw.com/ar/insights/civil-appeals-process-egypt	rel="canonical" href="https://alharrazlaw.com/ar/insights/civil-appeals-process-egypt"
000	https://alharrazlaw.com/en/insights/civil-appeals-process-egypt	rel="canonical" href="https://alharrazlaw.com/ar/insights/civil-appeals-process-egypt"
200	https://alharrazlaw.com/ar/insights/property-possession-disputes-egypt	rel="canonical" href="https://alharrazlaw.com/ar/insights/property-possession-disputes-egypt"
200	https://alharrazlaw.com/en/insights/property-possession-disputes-egypt	rel="canonical" href="https://alharrazlaw.com/en/insights/property-possession-disputes-egypt"
200	https://alharrazlaw.com/ar/insights/contract-drafting-key-clauses-egypt	rel="canonical" href="https://alharrazlaw.com/ar/insights/contract-drafting-key-clauses-egypt"
200	https://alharrazlaw.com/en/insights/contract-drafting-key-clauses-egypt	rel="canonical" href="https://alharrazlaw.com/en/insights/contract-drafting-key-clauses-egypt"
200	https://alharrazlaw.com/ar/insights/common-inheritance-disputes-egypt	rel="canonical" href="https://alharrazlaw.com/ar/insights/common-inheritance-disputes-egypt"
200	https://alharrazlaw.com/en/insights/common-inheritance-disputes-egypt	rel="canonical" href="https://alharrazlaw.com/en/insights/common-inheritance-disputes-egypt"
200	https://alharrazlaw.com/ar/insights/real-estate-buyer-legal-checklist-egypt	rel="canonical" href="https://alharrazlaw.com/ar/insights/real-estate-buyer-legal-checklist-egypt"
200	https://alharrazlaw.com/en/insights/real-estate-buyer-legal-checklist-egypt	rel="canonical" href="https://alharrazlaw.com/en/insights/real-estate-buyer-legal-checklist-egypt"
200	https://alharrazlaw.com/ar/insights/evidence-in-civil-cases-egypt	rel="canonical" href="https://alharrazlaw.com/ar/insights/evidence-in-civil-cases-egypt"
000	https://alharrazlaw.com/en/insights/evidence-in-civil-cases-egypt	rel="canonical" href="https://alharrazlaw.com/ar/insights/evidence-in-civil-cases-egypt"
200	https://alharrazlaw.com/ar/insights/bill-of-lading-explained-egypt	rel="canonical" href="https://alharrazlaw.com/ar/insights/bill-of-lading-explained-egypt"
200	https://alharrazlaw.com/en/insights/bill-of-lading-explained-egypt	rel="canonical" href="https://alharrazlaw.com/en/insights/bill-of-lading-explained-egypt"
000	https://alharrazlaw.com/ar/insights/challenging-administrative-decisions-egypt	rel="canonical" href="https://alharrazlaw.com/en/insights/bill-of-lading-explained-egypt"
000	https://alharrazlaw.com/en/insights/challenging-administrative-decisions-egypt	rel="canonical" href="https://alharrazlaw.com/en/insights/bill-of-lading-explained-egypt"
200	https://alharrazlaw.com/ar/insights/new-labor-law-egypt-2025-overview	rel="canonical" href="https://alharrazlaw.com/ar/insights/new-labor-law-egypt-2025-overview"
200	https://alharrazlaw.com/en/insights/new-labor-law-egypt-2025-overview	rel="canonical" href="https://alharrazlaw.com/en/insights/new-labor-law-egypt-2025-overview"
200	https://alharrazlaw.com/ar/insights/types-of-companies-in-egypt	rel="canonical" href="https://alharrazlaw.com/ar/insights/types-of-companies-in-egypt"
200	https://alharrazlaw.com/en/insights/types-of-companies-in-egypt	rel="canonical" href="https://alharrazlaw.com/en/insights/types-of-companies-in-egypt"
200	https://alharrazlaw.com/ar/insights/arbitration-vs-litigation-egypt	rel="canonical" href="https://alharrazlaw.com/ar/insights/arbitration-vs-litigation-egypt"
200	https://alharrazlaw.com/en/insights/arbitration-vs-litigation-egypt	rel="canonical" href="https://alharrazlaw.com/en/insights/arbitration-vs-litigation-egypt"
200	https://alharrazlaw.com/ar/insights/types-of-divorce-egyptian-law	rel="canonical" href="https://alharrazlaw.com/ar/insights/types-of-divorce-egyptian-law"
200	https://alharrazlaw.com/en/insights/types-of-divorce-egyptian-law	rel="canonical" href="https://alharrazlaw.com/en/insights/types-of-divorce-egyptian-law"
200	https://alharrazlaw.com/ar/insights/debt-recovery-legal-steps-egypt	rel="canonical" href="https://alharrazlaw.com/ar/insights/debt-recovery-legal-steps-egypt"
200	https://alharrazlaw.com/en/insights/debt-recovery-legal-steps-egypt	rel="canonical" href="https://alharrazlaw.com/en/insights/debt-recovery-legal-steps-egypt"
200	https://alharrazlaw.com/ar/insights/real-estate-registration-egypt	rel="canonical" href="https://alharrazlaw.com/ar/insights/real-estate-registration-egypt"
200	https://alharrazlaw.com/en/insights/real-estate-registration-egypt	rel="canonical" href="https://alharrazlaw.com/en/insights/real-estate-registration-egypt"
200	https://alharrazlaw.com/ar/insights/breach-of-contract-rights-egypt	rel="canonical" href="https://alharrazlaw.com/ar/insights/breach-of-contract-rights-egypt"
200	https://alharrazlaw.com/en/insights/breach-of-contract-rights-egypt	rel="canonical" href="https://alharrazlaw.com/en/insights/breach-of-contract-rights-egypt"
200	https://alharrazlaw.com/ar/insights/filing-a-civil-lawsuit-in-egypt	rel="canonical" href="https://alharrazlaw.com/ar/insights/filing-a-civil-lawsuit-in-egypt"
200	https://alharrazlaw.com/en/insights/filing-a-civil-lawsuit-in-egypt	rel="canonical" href="https://alharrazlaw.com/en/insights/filing-a-civil-lawsuit-in-egypt"
200	https://alharrazlaw.com/ar/insights/difference-between-misdemeanor-and-felony	rel="canonical" href="https://alharrazlaw.com/ar/insights/difference-between-misdemeanor-and-felony"
200	https://alharrazlaw.com/en/insights/difference-between-misdemeanor-and-felony	rel="canonical" href="https://alharrazlaw.com/en/insights/difference-between-misdemeanor-and-felony"
200	https://alharrazlaw.com/ar/insights/rights-of-the-accused-in-criminal-cases	rel="canonical" href="https://alharrazlaw.com/ar/insights/rights-of-the-accused-in-criminal-cases"
200	https://alharrazlaw.com/en/insights/rights-of-the-accused-in-criminal-cases	rel="canonical" href="https://alharrazlaw.com/en/insights/rights-of-the-accused-in-criminal-cases"
000	https://alharrazlaw.com/ar/insights/legal-considerations-real-estate-purchase-contracts	rel="canonical" href="https://alharrazlaw.com/en/insights/rights-of-the-accused-in-criminal-cases"
200	https://alharrazlaw.com/en/insights/legal-considerations-real-estate-purchase-contracts	rel="canonical" href="https://alharrazlaw.com/en/insights/legal-considerations-real-estate-purchase-contracts"
200	https://alharrazlaw.com/ar/insights/how-is-an-estate-divided	rel="canonical" href="https://alharrazlaw.com/ar/insights/how-is-an-estate-divided"
200	https://alharrazlaw.com/en/insights/how-is-an-estate-divided	rel="canonical" href="https://alharrazlaw.com/en/insights/how-is-an-estate-divided"
200	https://alharrazlaw.com/ar/insights/how-civil-judgments-are-enforced	rel="canonical" href="https://alharrazlaw.com/ar/insights/how-civil-judgments-are-enforced"
200	https://alharrazlaw.com/en/insights/how-civil-judgments-are-enforced	rel="canonical" href="https://alharrazlaw.com/en/insights/how-civil-judgments-are-enforced"
200	https://alharrazlaw.com/ar/insights/when-can-you-claim-compensation	rel="canonical" href="https://alharrazlaw.com/ar/insights/when-can-you-claim-compensation"
200	https://alharrazlaw.com/en/insights/when-can-you-claim-compensation	rel="canonical" href="https://alharrazlaw.com/en/insights/when-can-you-claim-compensation"
200	https://alharrazlaw.com/ar/insights/what-to-review-before-signing-contract	rel="canonical" href="https://alharrazlaw.com/ar/insights/what-to-review-before-signing-contract"
200	https://alharrazlaw.com/en/insights/what-to-review-before-signing-contract	rel="canonical" href="https://alharrazlaw.com/en/insights/what-to-review-before-signing-contract"
200	https://alharrazlaw.com/ar/insights/what-is-civil-lawsuit	rel="canonical" href="https://alharrazlaw.com/ar/insights/what-is-civil-lawsuit"
200	https://alharrazlaw.com/en/insights/what-is-civil-lawsuit	rel="canonical" href="https://alharrazlaw.com/en/insights/what-is-civil-lawsuit"
